text,intent,sentiment
"ketagihan beli disini the best, halo pesan dong 1 lusin ya",order,positive
"makasih min sepatunya dah sampe bagus banget, mau checkout lg nih",order,positive
"bro tengkyu ya barangnya the best, ini aku order ya lg buat kado",order,positive
"suka bgt sama barangnya gak nyesel, jadi pengen order ya warna lain",order,positive
"paketnya super cakep bener, pesan dong sekarang sblm kehabisan",order,positive
"makasi min produknya dah sampe bags bgt, mau mau beli lg nih",order,positive
ass order ya bajunya krn kemaren beli the best makasih ya,order,positive
"pesan dong ah, racun bgt tiktoknya top markotop makasih byk min",order,positive
"ty min sepatunya dah sampe the best, mau mau pesan lg nih",order,positive
"ty min barangnya dah sampe keren bgt, mau co lg nih",order,positive
"barangnya super gak nyesel, beli sekarang sblm kehabisan",order,positive
"order ya ah, racun bgt tiktoknya mantul ty min",order,positive
"ketagihan beli disini top markotop, halo beli 1 lusin ya",order,positive
"mau pesan ah, racun bgt tiktoknya puas bgt ty min",order,positive
"ass terima kasih min ya produknya keren bgt, ini aku checkout lg buat kado",order,positive
"pesan dong ah, racun bgt tiktoknya luar biasa thx min",order,positive
"ketagihan beli disini kece parah, halo min pesan dong 1 lusin ya",order,positive
"ketagihan beli disini gak nyesel, kakak co 1 lusin ya",order,positive
"thx min sepatunya dah sampe gak nyesel, mau co lg nih",order,positive
langsung mau beli lagi soalnya yg kmrn gak nyesel bgt,order,positive
"ngab ty ya produknya the best, nih aku mau beli lg buat kado",order,positive
langsung mau pesan lagi soalnya yg kmrn puas bgt bgt,order,positive
"mau pesan ah, racun bgt tiktoknya luar biasa makasih byk min",order,positive
"siang terima kasih min ya bajunya keren bgt, nih aku checkout lg buat kado",order,positive
langsung mau beli lagi soalnya yg kmrn recommended bgt,order,positive
langsung beli lagi soalnya yg kmrn recommended bgt,order,positive
kak mau pesan bajunya krn kemaren beli cakep bener terima kasih min,order,positive
langsung mau beli lagi soalnya yg kmrn mantap bgt,order,positive
langsung pesan dong lagi soalnya yg kmrn recommended bgt,order,positive
"kak makasih byk ya pesanannya bintang 5, ini aku beli lg buat kado",order,positive
assalamualaikum pesan dong pesanannya krn kemaren beli top markotop tengkyu,order,positive
"barangnya super cakep bener, checkout sekarang sblm kehabisan",order,positive
"barangnya super mantap, mau order sekarang sblm kehabisan",order,positive
"bro makasih ya produknya puas bgt, ini aku beli lg buat kado",order,positive
"ketagihan beli disini kece parah, sis mau pesan 1 lusin ya",order,positive
p mau pesan paketnya krn kemaren beli cakep bener makasi,order,positive
"terima kasih min min paketnya dah sampe mantap, mau mau pesan lg nih",order,positive
"ketagihan beli disini mantap, ass pesan dong 1 lusin ya",order,positive
"co ah, racun bgt tiktoknya cakep bener makasih byk min",order,positive
"beli ah, racun bgt tiktoknya recommended thx min",order,positive
"tengkyu min paketnya dah sampe recommended, mau mau beli lg nih",order,positive
assalamualaikum order ya sepatunya krn kemaren beli luar biasa ty,order,positive
langsung mau beli lagi soalnya yg kmrn mantap bgt,order,positive
"pagi tq ya sepatunya bagus banget, ini aku mau beli lg buat kado",order,positive
"mau beli ah, racun bgt tiktoknya recommended thx min",order,positive
"suka bgt sm bajunya bintang 5, jadi pengen checkout warna lain",order,positive
"suka bgt sama sepatunya mantul, jadi pengen mau order warna lain",order,positive
p mau pesan produknya krn kemaren beli top markotop makasi,order,positive
"beli ah, racun bgt tiktoknya mantul tengkyu min",order,positive
"thx min paketnya dah sampe gak nyesel, mau co lg nih",order,positive
langsung pesan dong lagi soalnya yg kmrn keren bgt bgt,order,positive
"ketagihan beli disini luar biasa, min co 1 lusin ya",order,positive
"pagi thx ya barangnya mantul, ini aku order ya lg buat kado",order,positive
"suka bgt sm sepatunya top markotop, jadi pengen order ya warna lain",order,positive
"pesan dong ah, racun bgt tiktoknya mantul makasih min",order,positive
ngab mau order produknya krn kemaren beli keren bgt thx,order,positive
pagi mau pesan produknya krn kemaren beli keren bgt thx,order,positive
langsung mau pesan lagi soalnya yg kmrn recommended bgt,order,positive
"co ah, racun bgt tiktoknya cakep bener makasi min",order,positive
"terima kasih min min bajunya dah sampe bagus banget, mau checkout lg nih",order,positive
"pagi terima kasih min ya paketnya mantap, ini aku order ya lg buat kado",order,positive
langsung order ya lagi soalnya yg kmrn mantul bgt,order,positive
"ketagihan beli disnih bintang 5, halo mau beli 1 lusin ya",order,positive
"mau pesan ah, racun bgt tiktoknya mantap makasi min",order,positive
"produknya super mantul, mau pesan sekarang sblm kehabisan",order,positive
"ketagihan beli disnih recommended, p pesan dong 1 lusin ya",order,positive
"suka bgt sama barangnya recommended, jadi pengen order ya warna lain",order,positive
"order ya ah, racun bgt tiktoknya mantul makasi min",order,positive
"pesan dong ah, racun bgt tiktoknya top markotop tengkyu min",order,positive
langsung mau beli lagi soalnya yg kmrn luar biasa bgt,order,positive
"checkout ah, racun bgt tiktoknya bintang 5 makasih ya min",order,positive
"beli ah, racun bgt tiktoknya gak nyesel makasih min",order,positive
"suka bgt sm barangnya recommended, jadi pengen pesan dong warna lain",order,positive
"suka bgt sm paketnya the best, jadi pengen co warna lain",order,positive
"mau order ah, racun bgt tiktoknya top markotop tq min",order,positive
"ketagihan beli disini puas bgt, assalamualaikum co 1 lusin ya",order,positive
halo min order ya pesanannya krn kemaren beli kece parah makasih ya,order,positive
"ty min bajunya dah sampe puas bgt, mau co lg nih",order,positive
"paketnya super luar biasa, co sekarang sblm kehabisan",order,positive
"suka bgt sama produknya puas bgt, jadi pengen mau beli warna lain",order,positive
"paketnya super mantep, mau pesan sekarang sblm kehabisan",order,positive
"suka bgt sama paketnya kece parah, jadi pengen co warna lain",order,positive
"checkout ah, racun bgt tiktoknya top markotop terima kasih min min",order,positive
langsung checkout lagi soalnya yg kmrn puas bgt bgt,order,positive
"order ya ah, racun bgt tiktoknya top markotop makasih byk min",order,positive
"suka bgt sama barangnya cakep bener, jadi pengen co warna lain",order,positive
"makasih min sepatunya dah sampe luar biasa, mau beli lg nih",order,positive
"bajunya super luar biasa, mau pesan sekarang sblm kehabisan",order,positive
"kakak makasi ya paketnya bagus banget, ini aku checkout lg buat kado",order,positive
"suka bgt sama produknya puas bgt, jadi pengen mau beli warna lain",order,positive
"co ah, racun bgt tiktoknya top markotop makasih ya min",order,positive
halo min beli produknya krn kemaren beli keren bgt tengkyu,order,positive
"thx min pesanannya dah sampe cakep bener, mau pesan dong lg nih",order,positive
"pesan dong ah, racun bgt tiktoknya cakep bener makasih ya min",order,positive
"pagi thx ya bajunya kece parah, ini aku mau beli lg buat kado",order,positive
"beli ah, racun bgt tiktoknya top markotop thx min",order,positive
"suka bgt sama paketnya kece parah, jadi pengen mau pesan warna lain",order,positive
langsung checkout lagi soalnya yg kmrn mantap bgt,order,positive
"ketagihan beli disini mantap, halo checkout 1 lusin ya",order,positive
"checkout ah, racun bgt tiktoknya luar biasa makasih min",order,positive
"terima kasih min min bajunya dah sampe mantul, mau pesan dong lg nih",order,positive
"checkout ah, racun bgt tiktoknya the best tengkyu min",order,positive
langsung pesan dong lagi soalnya yg kmrn gak nyesel bgt,order,positive
langsung pesan dong lagi soalnya yg kmrn gak nyesel bgt,order,positive
langsung co lagi soalnya yg kmrn bags bgt bgt,order,positive
"bro ty ya bajunya luar biasa, ini aku mau pesan lg buat kado",order,positive
assalamualaikum mau beli paketnya krn kemaren beli gak nyesel terima kasih min,order,positive
"pesanannya super keren bgt, co sekarang sblm kehabisan",order,positive
ass beli bajunya krn kemaren beli bintang 5 makasih ya,order,positive
"suka bgt sm sepatunya bintang 5, jadi pengen checkout warna lain",order,positive
"pagi makasi ya barangnya top markotop, nih aku co lg buat kado",order,positive
"tq min bajunya dah sampe recommended, mau order ya lg nih",order,positive
"ass tq ya pesanannya cakep bener, nih aku mau beli lg buat kado",order,positive
"sis makasih byk ya paketnya luar biasa, ini aku mau order lg buat kado",order,positive
"suka bgt sm bajunya mantep, jadi pengen beli warna lain",order,positive
"ketagihan beli disnih gak nyesel, siang mau pesan 1 lusin ya",order,positive
langsung mau pesan lagi soalnya yg kmrn gak nyesel bgt,order,positive
"suka bgt sm paketnya top markotop, jadi pengen mau pesan warna lain",order,positive
assalamualaikum order ya sepatunya krn kemaren beli keren bgt ty,order,positive
min mau pesan sepatunya krn kemaren beli bintang 5 ty,order,positive
"barangnya super bintang 5, order ya sekarang sblm kehabisan",order,positive
"tq min paketnya dah sampe mantap, mau co lg nih",order,positive
langsung mau order lagi soalnya yg kmrn mantap bgt,order,positive
"checkout ah, racun bgt tiktoknya mantul makasih ya min",order,positive
langsung order ya lagi soalnya yg kmrn gak nyesel bgt,order,positive
"barangnya super gak nyesel, pesan dong sekarang sblm kehabisan",order,positive
"makasi min bajunya dah sampe gak nyesel, mau beli lg nih",order,positive
"suka bgt sama produknya keren bgt, jadi pengen checkout warna lain",order,positive
"suka bgt sama paketnya luar biasa, jadi pengen mau order warna lain",order,positive
"suka bgt sama barangnya gak nyesel, jadi pengen co warna lain",order,positive
assalamualaikum pesan dong sepatunya krn kemaren beli recommended thx,order,positive
"terima kasih min min produknya dah sampe the best, mau mau order lg nih",order,positive
min mau beli paketnya krn kemaren beli keren bgt tq,order,positive
"min tengkyu ya barangnya mantul, nih aku co lg buat kado",order,positive
halo min mau beli bajunya krn kemaren beli top markotop makasi,order,positive
"beli ah, racun bgt tiktoknya bagus banget thx min",order,positive
langsung pesan dong lagi soalnya yg kmrn the best bgt,order,positive
"suka bgt sama bajunya mantul, jadi pengen order ya warna lain",order,positive
langsung beli lagi soalnya yg kmrn the best bgt,order,positive
langsung co lagi soalnya yg kmrn mantep bgt,order,positive
"halo tq ya produknya mantul, nih aku mau pesan lg buat kado",order,positive
"barangnya super bags bgt, checkout sekarang sblm kehabisan",order,positive
"ass tengkyu ya bajunya the best, nih aku mau beli lg buat kado",order,positive
"produknya super cakep bener, pesan dong sekarang sblm kehabisan",order,positive
"suka bgt sama pesanannya mantap, jadi pengen pesan dong warna lain",order,positive
"pagi makasih ya paketnya cakep bener, nih aku beli lg buat kado",order,positive
ngab mau order barangnya krn kemaren beli kece parah ty,order,positive
sis mau order paketnya krn kemaren beli gak nyesel makasih,order,positive
sis co pesanannya krn kemaren beli keren bgt tengkyu,order,positive
"siang makasih ya bajunya kece parah, nih aku mau pesan lg buat kado",order,positive
"sis makasih byk ya sepatunya kece parah, ini aku mau beli lg buat kado",order,positive
"paketnya super keren bgt, checkout sekarang sblm kehabisan",order,positive
p co bajunya krn kemaren beli mantul tq,order,positive
"beli ah, racun bgt tiktoknya gak nyesel tq min",order,positive
"mau order ah, racun bgt tiktoknya puas bgt thx min",order,positive
langsung mau beli lagi soalnya yg kmrn luar biasa bgt,order,positive
ass mau beli bajunya krn kemaren beli recommended tengkyu,order,positive
"siang ty ya bajunya mantap, ini aku mau order lg buat kado",order,positive
langsung pesan dong lagi soalnya yg kmrn cakep bener bgt,order,positive
"sis makasih ya produknya keren bgt, ini aku order ya lg buat kado",order,positive
"makasih ya min bajunya dah sampe gak nyesel, mau beli lg nih",order,positive
"ketagihan beli disnih keren bgt, kakak mau order 1 lusin ya",order,positive
"beli ah, racun bgt tiktoknya gak nyesel ty min",order,positive
"sepatunya super luar biasa, checkout sekarang sblm kehabisan",order,positive
"thx min paketnya dah sampe mantap, mau mau order lg nih",order,positive
"mau pesan ah, racun bgt tiktoknya bagus banget thx min",order,positive
langsung mau beli lagi soalnya yg kmrn the best bgt,order,positive
"pesanannya super kece parah, mau order sekarang sblm kehabisan",order,positive
"paketnya super bintang 5, mau beli sekarang sblm kehabisan",order,positive
"beli ah, racun bgt tiktoknya kece parah tengkyu min",order,positive
bro mau beli sepatunya krn kemaren beli puas bgt ty,order,positive
langsung pesan dong lagi soalnya yg kmrn keren bgt bgt,order,positive
"ketagihan beli disini cakep bener, kak mau pesan 1 lusin ya",order,positive
"mau order ah, racun bgt tiktoknya bagus banget makasih byk min",order,positive
"ketagihan beli disini gak nyesel, siang mau pesan 1 lusin ya",order,positive
"ketagihan beli disini mantap, p mau order 1 lusin ya",order,positive
"mau pesan ah, racun bgt tiktoknya mantep makasih ya min",order,positive
"thx min paketnya dah sampe recommended, mau co lg nih",order,positive
"suka bgt sama produknya the best, jadi pengen mau beli warna lain",order,positive
"order ya ah, racun bgt tiktoknya recommended makasih min",order,positive
"ketagihan beli disnih the best, pagi order ya 1 lusin ya",order,positive
"paketnya super recommended, beli sekarang sblm kehabisan",order,positive
"ketagihan beli disini bintang 5, kakak beli 1 lusin ya",order,positive
langsung mau pesan lagi soalnya yg kmrn mantap bgt,order,positive
"makasi min produknya dah sampe kece parah, mau co lg nih",order,positive
"sis terima kasih min ya paketnya top markotop, ini aku pesan dong lg buat kado",order,positive
halo checkout paketnya krn kemaren beli mantep makasih ya,order,positive
langsung mau beli lagi soalnya yg kmrn recommended bgt,order,positive
"min tq ya pesanannya puas bgt, nih aku mau order lg buat kado",order,positive
"sis tq ya pesanannya puas bgt, nih aku order ya lg buat kado",order,positive
"makasih byk min sepatunya dah sampe recommended, mau checkout lg nih",order,positive
langsung mau order lagi soalnya yg kmrn kece parah bgt,order,positive
"suka bgt sm produknya keren bgt, jadi pengen co warna lain",order,positive
"paketnya super keren bgt, mau order sekarang sblm kehabisan",order,positive
"ketagihan beli disnih puas bgt, kakak mau order 1 lusin ya",order,positive
"co ah, racun bgt tiktoknya bagus banget tengkyu min",order,positive
"ketagihan beli disnih bags bgt, siang order ya 1 lusin ya",order,positive
"siang makasih ya bajunya gak nyesel, nih aku checkout lg buat kado",order,positive
ass mau beli produknya krn kemaren beli top markotop terima kasih min,order,positive
"halo ty ya pesanannya keren bgt, ini aku mau pesan lg buat kado",order,positive
langsung checkout lagi soalnya yg kmrn bags bgt bgt,order,positive
"kakak ty ya bajunya recommended, ini aku order ya lg buat kado",order,positive
"suka bgt sama barangnya mantul, jadi pengen checkout warna lain",order,positive
"suka bgt sm sepatunya luar biasa, jadi pengen checkout warna lain",order,positive
"siang thx ya produknya top markotop, nih aku pesan dong lg buat kado",order,positive
"mau beli ah, racun bgt tiktoknya the best ty min",order,positive
"mau order ah, racun bgt tiktoknya mantul tengkyu min",order,positive
"tengkyu min pesanannya dah sampe mantap, mau order ya lg nih",order,positive
ngab order ya barangnya krn kemaren beli the best makasih byk,order,positive
kak mau order bajunya krn kemaren beli cakep bener tengkyu,order,positive
"tq min pesanannya dah sampe the best, mau mau beli lg nih",order,positive
"suka bgt sama paketnya the best, jadi pengen mau pesan warna lain",order,positive
langsung beli lagi soalnya yg kmrn puas bgt bgt,order,positive
"mau pesan ah, racun bgt tiktoknya cakep bener tengkyu min",order,positive
"terima kasih min min bajunya dah sampe keren bgt, mau beli lg nih",order,positive
"produknya super puas bgt, checkout sekarang sblm kehabisan",order,positive
"pesanannya super gak nyesel, co sekarang sblm kehabisan",order,positive
"suka bgt sama sepatunya recommended, jadi pengen co warna lain",order,positive
"order ya ah, racun bgt tiktoknya gak nyesel makasi min",order,positive
"makasih ya min pesanannya dah sampe gak nyesel, mau co lg nih",order,positive
kakak co bajunya krn kemaren beli keren bgt ty,order,positive
"ty min produknya dah sampe bagus banget, mau mau pesan lg nih",order,positive
"order ya ah, racun bgt tiktoknya top markotop makasi min",order,positive
halo min checkout paketnya krn kemaren beli keren bgt tq,order,positive
"kakak makasi ya paketnya luar biasa, ini aku beli lg buat kado",order,positive
"makasih ya min bajunya dah sampe mantul, mau co lg nih",order,positive
"barangnya super the best, mau order sekarang sblm kehabisan",order,positive
"suka bgt sama bajunya bintang 5, jadi pengen order ya warna lain",order,positive
halo min order ya produknya krn kemaren beli top markotop makasih ya,order,positive
ngab order ya paketnya krn kemaren beli cakep bener makasih byk,order,positive
"makasih byk min sepatunya dah sampe top markotop, mau checkout lg nih",order,positive
"ketagihan beli disini top markotop, halo mau pesan 1 lusin ya",order,positive
"ass tengkyu ya barangnya luar biasa, ini aku mau order lg buat kado",order,positive
"checkout ah, racun bgt tiktoknya luar biasa makasih ya min",order,positive
"siang tq ya pesanannya recommended, ini aku checkout lg buat kado",order,positive
"makasih ya min bajunya dah sampe bagus banget, mau mau beli lg nih",order,positive
"ketagihan beli disini luar biasa, assalamualaikum mau beli 1 lusin ya",order,positive
"thx min barangnya dah sampe gak nyesel, mau mau beli lg nih",order,positive
"ketagihan beli disnih kece parah, bro mau order 1 lusin ya",order,positive
"pesan dong ah, racun bgt tiktoknya the best makasi min",order,positive
"paketnya super top markotop, mau order sekarang sblm kehabisan",order,positive
"suka bgt sama barangnya mantap, jadi pengen checkout warna lain",order,positive
"ketagihan beli disini mantap, halo min mau order 1 lusin ya",order,positive
"ketagihan beli disnih puas bgt, assalamualaikum beli 1 lusin ya",order,positive
langsung mau beli lagi soalnya yg kmrn top markotop bgt,order,positive
"makasi min sepatunya dah sampe keren bgt, mau order ya lg nih",order,positive
"produknya super luar biasa, co sekarang sblm kehabisan",order,positive
"ketagihan beli disini kece parah, bro beli 1 lusin ya",order,positive
"suka bgt sama barangnya mantul, jadi pengen mau beli warna lain",order,positive
"mau order ah, racun bgt tiktoknya top markotop thx min",order,positive
"paketnya super keren bgt, mau order sekarang sblm kehabisan",order,positive
"ketagihan beli disini mantap, p co 1 lusin ya",order,positive
"thx min bajunya dah sampe top markotop, mau pesan dong lg nih",order,positive
langsung mau order lagi soalnya yg kmrn the best bgt,order,positive
"produknya super recommended, checkout sekarang sblm kehabisan",order,positive
"makasi min sepatunya dah sampe mantep, mau checkout lg nih",order,positive
"makasih min produknya dah sampe mantul, mau order ya lg nih",order,positive
"suka bgt sama pesanannya gak nyesel, jadi pengen mau beli warna lain",order,positive
langsung mau beli lagi soalnya yg kmrn bags bgt bgt,order,positive
"suka bgt sm paketnya bintang 5, jadi pengen pesan dong warna lain",order,positive
kak mau pesan produknya krn kemaren beli keren bgt thx,order,positive
"ketagihan beli disini luar biasa, halo min co 1 lusin ya",order,positive
"suka bgt sm paketnya bintang 5, jadi pengen checkout warna lain",order,positive
"ketagihan beli disnih recommended, pagi checkout 1 lusin ya",order,positive
"ketagihan beli disini recommended, sis checkout 1 lusin ya",order,positive
"siang thx ya produknya bintang 5, ini aku checkout lg buat kado",order,positive
"makasih ya min pesanannya dah sampe luar biasa, mau mau pesan lg nih",order,positive
kakak co barangnya krn kemaren beli bagus banget makasih byk,order,positive
"order ya ah, racun bgt tiktoknya bintang 5 makasih ya min",order,positive
p beli pesanannya krn kemaren beli the best makasih ya,order,positive
"suka bgt sm pesanannya puas bgt, jadi pengen order ya warna lain",order,positive
"pesanannya super bintang 5, mau pesan sekarang sblm kehabisan",order,positive
ngab mau pesan produknya krn kemaren beli the best terima kasih min,order,positive
langsung beli lagi soalnya yg kmrn mantap bgt,order,positive
"ty min sepatunya dah sampe keren bgt, mau mau pesan lg nih",order,positive
"ketagihan beli disini luar biasa, pagi co 1 lusin ya",order,positive
"suka bgt sama sepatunya top markotop, jadi pengen order ya warna lain",order,positive
langsung co lagi soalnya yg kmrn kece parah bgt,order,positive
"ketagihan beli disini top markotop, p order ya 1 lusin ya",order,positive
"ketagihan beli disini cakep bener, kakak beli 1 lusin ya",order,positive
halo min mau pesan pesanannya krn kemaren beli mantep ty,order,positive
"mau order ah, racun bgt tiktoknya kece parah makasih min",order,positive
"kak makasih ya ya paketnya the best, ini aku mau order lg buat kado",order,positive
"order ya ah, racun bgt tiktoknya top markotop makasih byk min",order,positive
"halo makasih ya ya pesanannya keren bgt, ini aku mau order lg buat kado",order,positive
"suka bgt sama pesanannya bintang 5, jadi pengen pesan dong warna lain",order,positive
"barangnya super top markotop, mau pesan sekarang sblm kehabisan",order,positive
ngab pesan dong paketnya krn kemaren beli puas bgt thx,order,positive
"suka bgt sm produknya luar biasa, jadi pengen beli warna lain",order,positive
"pesan dong ah, racun bgt tiktoknya luar biasa makasih ya min",order,positive
"makasi min bajunya dah sampe bagus banget, mau beli lg nih",order,positive
halo mau beli paketnya krn kemaren beli keren bgt ty,order,positive
"pesan dong ah, racun bgt tiktoknya luar biasa makasi min",order,positive
langsung mau pesan lagi soalnya yg kmrn top markotop bgt,order,positive
"co ah, racun bgt tiktoknya puas bgt tq min",order,positive
langsung checkout lagi soalnya yg kmrn keren bgt bgt,order,positive
"tengkyu min sepatunya dah sampe mantap, mau checkout lg nih",order,positive
"co ah, racun bgt tiktoknya bintang 5 ty min",order,positive
bro mau order barangnya krn kemaren beli luar biasa makasi,order,positive
langsung beli lagi soalnya yg kmrn keren bgt bgt,order,positive
"suka bgt sama bajunya cakep bener, jadi pengen co warna lain",order,positive
"halo tq ya sepatunya cakep bener, ini aku co lg buat kado",order,positive
langsung beli lagi soalnya yg kmrn top markotop bgt,order,positive
langsung beli lagi soalnya yg kmrn the best bgt,order,positive
"ketagihan beli disini mantul, siang checkout 1 lusin ya",order,positive
"bajunya super kece parah, mau pesan sekarang sblm kehabisan",order,positive
"pesan dong ah, racun bgt tiktoknya bagus banget tengkyu min",order,positive
"suka bgt sama produknya gak nyesel, jadi pengen order ya warna lain",order,positive
langsung mau pesan lagi soalnya yg kmrn bagus banget bgt,order,positive
"sis thx ya sepatunya recommended, ini aku mau order lg buat kado",order,positive
"paketnya super cakep bener, mau order sekarang sblm kehabisan",order,positive
siang order ya paketnya krn kemaren beli recommended tengkyu,order,positive
"pagi tq ya barangnya recommended, nih aku mau beli lg buat kado",order,positive
langsung checkout lagi soalnya yg kmrn bagus banget bgt,order,positive
min mau pesan pesanannya krn kemaren beli mantul tengkyu,order,positive
"makasih min paketnya dah sampe luar biasa, mau co lg nih",order,positive
"ketagihan beli disini bintang 5, kak pesan dong 1 lusin ya",order,positive
"makasih byk min produknya dah sampe puas bgt, mau checkout lg nih",order,positive
"sepatunya super bagus banget, pesan dong sekarang sblm kehabisan",order,positive
langsung mau order lagi soalnya yg kmrn recommended bgt,order,positive
siang checkout produknya krn kemaren beli bagus banget makasih ya,order,positive
"sepatunya super the best, checkout sekarang sblm kehabisan",order,positive
"tengkyu min paketnya dah sampe top markotop, mau beli lg nih",order,positive
langsung pesan dong lagi soalnya yg kmrn keren bgt bgt,order,positive
"makasih min produknya dah sampe kece parah, mau checkout lg nih",order,positive
"suka bgt sama produknya mantap, jadi pengen mau pesan warna lain",order,positive
"ketagihan beli disini mantul, pagi mau beli 1 lusin ya",order,positive
"sepatunya super bagus banget, pesan dong sekarang sblm kehabisan",order,positive
"ketagihan beli disini gak nyesel, ass order ya 1 lusin ya",order,positive
"co ah, racun bgt tiktoknya top markotop makasih byk min",order,positive
langsung checkout lagi soalnya yg kmrn bintang 5 bgt,order,positive
"produknya super puas bgt, mau beli sekarang sblm kehabisan",order,positive
"order ya ah, racun bgt tiktoknya mantap tq min",order,positive
ass beli bajunya krn kemaren beli the best terima kasih min,order,positive
"sepatunya super mantap, order ya sekarang sblm kehabisan",order,positive
"bajunya super bagus banget, mau pesan sekarang sblm kehabisan",order,positive
"suka bgt sama pesanannya kece parah, jadi pengen beli warna lain",order,positive
"kakak tq ya barangnya puas bgt, nih aku pesan dong lg buat kado",order,positive
"tengkyu min pesanannya dah sampe luar biasa, mau mau pesan lg nih",order,positive
"tengkyu min pesanannya dah sampe gak nyesel, mau beli lg nih",order,positive
"thx min paketnya dah sampe recommended, mau mau pesan lg nih",order,positive
"ass makasih ya ya sepatunya top markotop, ini aku order ya lg buat kado",order,positive
"suka bgt sama bajunya cakep bener, jadi pengen mau pesan warna lain",order,positive
"suka bgt sm bajunya kece parah, jadi pengen order ya warna lain",order,positive
"p tq ya produknya bags bgt, nih aku checkout lg buat kado",order,positive
sis pesan dong paketnya krn kemaren beli mantap terima kasih min,order,positive
"tengkyu min barangnya dah sampe recommended, mau checkout lg nih",order,positive
"pesanannya super cakep bener, mau pesan sekarang sblm kehabisan",order,positive
langsung order ya lagi soalnya yg kmrn recommended bgt,order,positive
langsung mau beli lagi soalnya yg kmrn bagus banget bgt,order,positive
ngab mau pesan pesanannya krn kemaren beli luar biasa makasih byk,order,positive
"mau order ah, racun bgt tiktoknya luar biasa makasi min",order,positive
ass mau order pesanannya krn kemaren beli recommended tq,order,positive
"checkout ah, racun bgt tiktoknya puas bgt tq min",order,positive
"suka bgt sama barangnya top markotop, jadi pengen mau order warna lain",order,positive
"tq min paketnya dah sampe cakep bener, mau pesan dong lg nih",order,positive
"bajunya super luar biasa, beli sekarang sblm kehabisan",order,positive
"kakak makasih byk ya sepatunya gak nyesel, nih aku beli lg buat kado",order,positive
"mau order ah, racun bgt tiktoknya bintang 5 makasi min",order,positive
langsung mau beli lagi soalnya yg kmrn cakep bener bgt,order,positive
"produknya super bintang 5, co sekarang sblm kehabisan",order,positive
"ketagihan beli disini gak nyesel, assalamualaikum beli 1 lusin ya",order,positive
langsung mau order lagi soalnya yg kmrn mantul bgt,order,positive
"thx min pesanannya dah sampe keren bgt, mau pesan dong lg nih",order,positive
"suka bgt sm barangnya mantep, jadi pengen beli warna lain",order,positive
langsung checkout lagi soalnya yg kmrn mantul bgt,order,positive
kak order ya paketnya krn kemaren beli bagus banget makasih ya,order,positive
"mau beli ah, racun bgt tiktoknya recommended thx min",order,positive
"sis tengkyu ya bajunya luar biasa, nih aku checkout lg buat kado",order,positive
"produknya super luar biasa, order ya sekarang sblm kehabisan",order,positive
ngab mau beli paketnya krn kemaren beli bags bgt makasih,order,positive
"pesanannya super cakep bener, co sekarang sblm kehabisan",order,positive
langsung mau order lagi soalnya yg kmrn bagus banget bgt,order,positive
"bajunya super bagus banget, order ya sekarang sblm kehabisan",order,positive
"ketagihan beli disnih the best, ass pesan dong 1 lusin ya",order,positive
langsung mau beli lagi soalnya yg kmrn bagus banget bgt,order,positive
assalamualaikum co paketnya krn kemaren beli gak nyesel ty,order,positive
"suka bgt sama paketnya mantap, jadi pengen beli warna lain",order,positive
"suka bgt sama pesanannya puas bgt, jadi pengen pesan dong warna lain",order,positive
"pagi ty ya paketnya bagus banget, ini aku mau pesan lg buat kado",order,positive
langsung mau order lagi soalnya yg kmrn kece parah bgt,order,positive
"paketnya super gak nyesel, pesan dong sekarang sblm kehabisan",order,positive
"halo min terima kasih min ya paketnya cakep bener, nih aku co lg buat kado",order,positive
"suka bgt sama paketnya puas bgt, jadi pengen mau pesan warna lain",order,positive
langsung order ya lagi soalnya yg kmrn keren bgt bgt,order,positive
"ketagihan beli disini mantul, kak mau beli 1 lusin ya",order,positive
"suka bgt sama paketnya mantul, jadi pengen mau order warna lain",order,positive
halo beli bajunya krn kemaren beli bags bgt tq,order,positive
kakak co bajunya krn kemaren beli mantul thx,order,positive
min order ya produknya krn kemaren beli kece parah makasi,order,positive
"suka bgt sm bajunya mantul, jadi pengen order ya warna lain",order,positive
"mau order ah, racun bgt tiktoknya gak nyesel makasi min",order,positive
langsung mau beli lagi soalnya yg kmrn kece parah bgt,order,positive
"makasih ya min sepatunya dah sampe top markotop, mau order ya lg nih",order,positive
"pesan dong ah, racun bgt tiktoknya puas bgt makasih min",order,positive
"kak tengkyu ya sepatunya gak nyesel, ini aku mau beli lg buat kado",order,positive
kak beli produknya krn kemaren beli recommended tengkyu,order,positive
pagi mau beli produknya krn kemaren beli mantap tq,order,positive
"suka bgt sama paketnya recommended, jadi pengen mau beli warna lain",order,positive
kakak mau pesan produknya krn kemaren beli puas bgt tengkyu,order,positive
akhirnya nemu toko yg puas bgt kayak gini makasih byk,other,positive
"packagingnya rapi, kurirnya ramah, luar biasa deh pokoknya",other,positive
"pesanannya original 100%, mantap sukses terus min",other,positive
"paketnya original 100%, luar biasa sukses terus min",other,positive
"barangnya original 100%, bintang 5 sukses terus min",other,positive
"kakak mau kasih testi nih, barangnya beneran luar biasa",other,positive
akhirnya nemu toko yg luar biasa kayak gini makasih,other,positive
"ngab mau kasih testi nih, pesanannya beneran gak nyesel",other,positive
akhirnya nemu toko yg the best kayak gini terima kasih min,other,positive
"packagingnya rapi, kurirnya ramah, kece parah deh pokoknya",other,positive
gila bajunya kece parah pdhl harganya murah,other,positive
"produknya original 100%, cakep bener sukses terus min",other,positive
"ass pesanannya sampe dgn selamat, cakep bener makasih",other,positive
"packagingnya rapi, kurirnya ramah, mantap deh pokoknya",other,positive
"bro mau kasih testi nih, bajunya beneran the best",other,positive
"sepatunya original 100%, cakep bener sukses terus min",other,positive
"kak paketnya sampe dgn selamat, bintang 5 makasih byk",other,positive
"asli ini mantap bgt gaboong, thx seller",other,positive
"asli nih luar biasa bgt gaboong, ty seller",other,positive
"min mau kasih testi nih, pesanannya beneran luar biasa",other,positive
"bajunya original 100%, bags bgt sukses terus min",other,positive
akhirnya nemu toko yg cakep bener kayak gnih makasih ya,other,positive
"makasi banyak min, pelayanannya the best",other,positive
akhirnya nemu toko yg mantap kayak gini makasih,other,positive
akhirnya nemu toko yg bagus banget kayak gini makasih,other,positive
"packagingnya rapi, kurirnya ramah, kece parah deh pokoknya",other,positive
"ngab barangnya sampe dgn selamat, bintang 5 makasih ya",other,positive
"min mau kasih testi nih, produknya beneran cakep bener",other,positive
"asli ini the best bgt gaboong, makasih seller",other,positive
"kakak mau kasih testi nih, produknya beneran recommended",other,positive
"asli ini mantul bgt gaboong, tq seller",other,positive
gila pesanannya bagus banget pdhl harganya murah,other,positive
"asli ini luar biasa bgt gaboong, makasih byk seller",other,positive
gila paketnya top markotop pdhl harganya murah,other,positive
"makasih banyak min, pelayanannya keren bgt",other,positive
akhirnya nemu toko yg bintang 5 kayak gnih makasih ya,other,positive
"tq banyak min, pelayanannya puas bgt",other,positive
"asli ini the best bgt gaboong, makasih seller",other,positive
"thx banyak min, pelayanannya kece parah",other,positive
"p sepatunya sampe dgn selamat, keren bgt tengkyu",other,positive
"asli nih mantep bgt gaboong, tq seller",other,positive
"packagingnya rapi, kurirnya ramah, luar biasa deh pokoknya",other,positive
gila barangnya recommended pdhl harganya murah,other,positive
gila pesanannya puas bgt pdhl harganya murah,other,positive
gila produknya kece parah pdhl harganya murah,other,positive
"kakak mau kasih testi nih, sepatunya beneran recommended",other,positive
"asli ini recommended bgt gaboong, tq seller",other,positive
"paketnya original 100%, bintang 5 sukses terus min",other,positive
akhirnya nemu toko yg keren bgt kayak gnih makasi,other,positive
"sepatunya original 100%, mantap sukses terus min",other,positive
"ngab sepatunya sampe dgn selamat, recommended terima kasih min",other,positive
"paketnya original 100%, keren bgt sukses terus min",other,positive
"pagi pesanannya sampe dgn selamat, puas bgt makasi",other,positive
"produknya original 100%, bagus banget sukses terus min",other,positive
"ass produknya sampe dgn selamat, mantul tengkyu",other,positive
"paketnya original 100%, gak nyesel sukses terus min",other,positive
akhirnya nemu toko yg gak nyesel kayak gnih makasih,other,positive
"packagingnya rapi, kurirnya ramah, bintang 5 deh pokoknya",other,positive
"siang pesanannya sampe dgn selamat, recommended terima kasih min",other,positive
"bajunya original 100%, cakep bener sukses terus min",other,positive
"kakak mau kasih testi nih, produknya beneran top markotop",other,positive
"makasi banyak min, pelayanannya mantap",other,positive
"asli ini recommended bgt gaboong, makasih byk seller",other,positive
"packagingnya rapi, kurirnya ramah, bagus banget deh pokoknya",other,positive
"packagingnya rapi, kurirnya ramah, recommended deh pokoknya",other,positive
"assalamualaikum mau kasih testi nih, bajunya beneran gak nyesel",other,positive
"siang produknya sampe dgn selamat, recommended makasih",other,positive
"ngab mau kasih testi nih, bajunya beneran mantap",other,positive
"ngab mau kasih testi nih, produknya beneran gak nyesel",other,positive
gila barangnya bagus banget pdhl harganya murah,other,positive
gila sepatunya gak nyesel pdhl harganya murah,other,positive
"asli nih kece parah bgt gaboong, makasih ya seller",other,positive
gila produknya top markotop pdhl harganya murah,other,positive
"halo bajunya sampe dgn selamat, puas bgt makasih byk",other,positive
"asli ini bagus banget bgt gaboong, makasih ya seller",other,positive
"packagingnya rapi, kurirnya ramah, mantul deh pokoknya",other,positive
gila barangnya mantep pdhl harganya murah,other,positive
"packagingnya rapi, kurirnya ramah, mantap deh pokoknya",other,positive
"asli nih mantep bgt gaboong, terima kasih min seller",other,positive
"paketnya original 100%, keren bgt sukses terus min",other,positive
"asli nih cakep bener bgt gaboong, makasi seller",other,positive
"asli ini top markotop bgt gaboong, makasih ya seller",other,positive
"asli ini puas bgt bgt gaboong, makasih seller",other,positive
akhirnya nemu toko yg bintang 5 kayak gini tq,other,positive
"produknya original 100%, gak nyesel sukses terus min",other,positive
"packagingnya rapi, kurirnya ramah, puas bgt deh pokoknya",other,positive
"bajunya original 100%, puas bgt sukses terus min",other,positive
"ass mau kasih testi nih, paketnya beneran luar biasa",other,positive
"min produknya sampe dgn selamat, gak nyesel makasih",other,positive
"packagingnya rapi, kurirnya ramah, cakep bener deh pokoknya",other,positive
"kak sepatunya sampe dgn selamat, gak nyesel terima kasih min",other,positive
"packagingnya rapi, kurirnya ramah, mantap deh pokoknya",other,positive
"min mau kasih testi nih, barangnya beneran kece parah",other,positive
"asli nih kece parah bgt gaboong, tq seller",other,positive
"asli ini puas bgt bgt gaboong, tengkyu seller",other,positive
"packagingnya rapi, kurirnya ramah, cakep bener deh pokoknya",other,positive
gila pesanannya keren bgt pdhl harganya murah,other,positive
"asli ini bintang 5 bgt gaboong, makasih ya seller",other,positive
"tengkyu banyak min, pelayanannya bintang 5",other,positive
"barangnya original 100%, mantep sukses terus min",other,positive
"asli ini keren bgt bgt gaboong, makasih seller",other,positive
akhirnya nemu toko yg bintang 5 kayak gini terima kasih min,other,positive
akhirnya nemu toko yg the best kayak gini terima kasih min,other,positive
"assalamualaikum mau kasih testi nih, paketnya beneran the best",other,positive
"tq banyak min, pelayanannya recommended",other,positive
akhirnya nemu toko yg mantep kayak gnih makasih byk,other,positive
akhirnya nemu toko yg cakep bener kayak gini tengkyu,other,positive
gila sepatunya the best pdhl harganya murah,other,positive
"packagingnya rapi, kurirnya ramah, luar biasa deh pokoknya",other,positive
gila sepatunya cakep bener pdhl harganya murah,other,positive
akhirnya nemu toko yg luar biasa kayak gini makasih ya,other,positive
"makasih byk banyak min, pelayanannya mantap",other,positive
"pagi barangnya sampe dgn selamat, the best makasih ya",other,positive
"packagingnya rapi, kurirnya ramah, luar biasa deh pokoknya",other,positive
"min mau kasih testi nih, pesanannya beneran cakep bener",other,positive
"min mau kasih testi nih, sepatunya beneran cakep bener",other,positive
"packagingnya rapi, kurirnya ramah, mantul deh pokoknya",other,positive
"bro mau kasih testi nih, barangnya beneran cakep bener",other,positive
"asli ini bintang 5 bgt gaboong, tengkyu seller",other,positive
"packagingnya rapi, kurirnya ramah, mantul deh pokoknya",other,positive
"thx banyak min, pelayanannya cakep bener",other,positive
"p bajunya sampe dgn selamat, luar biasa makasih ya",other,positive
"tengkyu banyak min, pelayanannya cakep bener",other,positive
"barangnya original 100%, bagus banget sukses terus min",other,positive
"packagingnya rapi, kurirnya ramah, luar biasa deh pokoknya",other,positive
"asli nih bags bgt bgt gaboong, makasi seller",other,positive
"paketnya original 100%, mantap sukses terus min",other,positive
"pesanannya original 100%, gak nyesel sukses terus min",other,positive
"asli nih cakep bener bgt gaboong, makasi seller",other,positive
"thx banyak min, pelayanannya luar biasa",other,positive
"asli ini bagus banget bgt gaboong, makasih byk seller",other,positive
"asli ini cakep bener bgt gaboong, ty seller",other,positive
gila barangnya recommended pdhl harganya murah,other,positive
"sis produknya sampe dgn selamat, puas bgt thx",other,positive
"kak mau kasih testi nih, pesanannya beneran puas bgt",other,positive
gila bajunya mantap pdhl harganya murah,other,positive
akhirnya nemu toko yg luar biasa kayak gnih terima kasih min,other,positive
"halo mau kasih testi nih, paketnya beneran top markotop",other,positive
"tengkyu banyak min, pelayanannya cakep bener",other,positive
gila produknya top markotop pdhl harganya murah,other,positive
"makasih byk banyak min, pelayanannya bintang 5",other,positive
akhirnya nemu toko yg puas bgt kayak gini makasih byk,other,positive
"asli ini kece parah bgt gaboong, thx seller",other,positive
"tq banyak min, pelayanannya the best",other,positive
"bro barangnya sampe dgn selamat, top markotop terima kasih min",other,positive
gila paketnya recommended pdhl harganya murah,other,positive
"terima kasih min banyak min, pelayanannya mantap",other,positive
"barangnya original 100%, cakep bener sukses terus min",other,positive
"packagingnya rapi, kurirnya ramah, mantap deh pokoknya",other,positive
"makasih ya banyak min, pelayanannya bags bgt",other,positive
"barangnya original 100%, top markotop sukses terus min",other,positive
gila paketnya keren bgt pdhl harganya murah,other,positive
gila bajunya recommended pdhl harganya murah,other,positive
"packagingnya rapi, kurirnya ramah, gak nyesel deh pokoknya",other,positive
"terima kasih min banyak min, pelayanannya puas bgt",other,positive
"packagingnya rapi, kurirnya ramah, mantul deh pokoknya",other,positive
"sepatunya original 100%, bagus banget sukses terus min",other,positive
"asli nih gak nyesel bgt gaboong, makasih byk seller",other,positive
"tq banyak min, pelayanannya bintang 5",other,positive
"sepatunya original 100%, luar biasa sukses terus min",other,positive
"kakak bajunya sampe dgn selamat, luar biasa thx",other,positive
"sepatunya original 100%, cakep bener sukses terus min",other,positive
akhirnya nemu toko yg cakep bener kayak gnih tq,other,positive
"halo min mau kasih testi nih, pesanannya beneran puas bgt",other,positive
"asli nih top markotop bgt gaboong, tq seller",other,positive
gila sepatunya cakep bener pdhl harganya murah,other,positive
"packagingnya rapi, kurirnya ramah, bagus banget deh pokoknya",other,positive
"siang mau kasih testi nih, sepatunya beneran puas bgt",other,positive
"bajunya original 100%, bagus banget sukses terus min",other,positive
"asli ini bintang 5 bgt gaboong, ty seller",other,positive
"min bajunya sampe dgn selamat, top markotop tq",other,positive
gila sepatunya kece parah pdhl harganya murah,other,positive
"barangnya original 100%, the best sukses terus min",other,positive
"tq banyak min, pelayanannya mantul",other,positive
"packagingnya rapi, kurirnya ramah, mantul deh pokoknya",other,positive
gila produknya cakep bener pdhl harganya murah,other,positive
"terima kasih min banyak min, pelayanannya bintang 5",other,positive
"ty banyak min, pelayanannya gak nyesel",other,positive
"ty banyak min, pelayanannya luar biasa",other,positive
"asli ini kece parah bgt gaboong, terima kasih min seller",other,positive
"sepatunya original 100%, cakep bener sukses terus min",other,positive
"siang mau kasih testi nih, bajunya beneran cakep bener",other,positive
"asli ini puas bgt bgt gaboong, thx seller",other,positive
"halo min mau kasih testi nih, barangnya beneran cakep bener",other,positive
"asli ini keren bgt bgt gaboong, thx seller",other,positive
"asli ini mantul bgt gaboong, tq seller",other,positive
"bajunya original 100%, cakep bener sukses terus min",other,positive
"paketnya original 100%, puas bgt sukses terus min",other,positive
"tengkyu banyak min, pelayanannya mantap",other,positive
"sepatunya original 100%, puas bgt sukses terus min",other,positive
gila produknya gak nyesel pdhl harganya murah,other,positive
"ngab sepatunya sampe dgn selamat, bintang 5 makasih byk",other,positive
"ass paketnya sampe dgn selamat, kece parah makasi",other,positive
akhirnya nemu toko yg luar biasa kayak gnih makasi,other,positive
"makasih banyak min, pelayanannya kece parah",other,positive
akhirnya nemu toko yg the best kayak gini tq,other,positive
"halo barangnya sampe dgn selamat, puas bgt tq",other,positive
"halo barangnya sampe dgn selamat, top markotop terima kasih min",other,positive
"asli ini cakep bener bgt gaboong, makasih byk seller",other,positive
"asli nih bintang 5 bgt gaboong, tq seller",other,positive
"makasih byk banyak min, pelayanannya keren bgt",other,positive
"produknya original 100%, bintang 5 sukses terus min",other,positive
"kakak mau kasih testi nih, pesanannya beneran gak nyesel",other,positive
gila barangnya keren bgt pdhl harganya murah,other,positive
"asli ini mantul bgt gaboong, makasih seller",other,positive
"ngab mau kasih testi nih, sepatunya beneran recommended",other,positive
gila bajunya bintang 5 pdhl harganya murah,other,positive
"ty banyak min, pelayanannya gak nyesel",other,positive
"halo mau kasih testi nih, barangnya beneran bags bgt",other,positive
"p mau kasih testi nih, barangnya beneran bintang 5",other,positive
"asli nih mantep bgt gaboong, makasih byk seller",other,positive
"makasi banyak min, pelayanannya puas bgt",other,positive
"asli ini bintang 5 bgt gaboong, terima kasih min seller",other,positive
"sepatunya original 100%, luar biasa sukses terus min",other,positive
"siang mau kasih testi nih, sepatunya beneran bagus banget",other,positive
"asli nih kece parah bgt gaboong, makasih seller",other,positive
"makasih ya banyak min, pelayanannya cakep bener",other,positive
"makasih ya banyak min, pelayanannya top markotop",other,positive
"pesanannya original 100%, recommended sukses terus min",other,positive
gila paketnya keren bgt pdhl harganya murah,other,positive
gila bajunya top markotop pdhl harganya murah,other,positive
"asli ini cakep bener bgt gaboong, makasih seller",other,positive
akhirnya nemu toko yg top markotop kayak gnih thx,other,positive
"ass pesanannya sampe dgn selamat, mantap tq",other,positive
akhirnya nemu toko yg recommended kayak gini makasih byk,other,positive
akhirnya nemu toko yg bagus banget kayak gini makasih,other,positive
akhirnya nemu toko yg puas bgt kayak gini thx,other,positive
gila barangnya cakep bener pdhl harganya murah,other,positive
"packagingnya rapi, kurirnya ramah, the best deh pokoknya",other,positive
"kak mau kasih testi nih, paketnya beneran the best",other,positive
gila pesanannya the best pdhl harganya murah,other,positive
"ass mau kasih testi nih, sepatunya beneran mantep",other,positive
"sis mau kasih testi nih, barangnya beneran mantul",other,positive
"packagingnya rapi, kurirnya ramah, gak nyesel deh pokoknya",other,positive
gila sepatunya recommended pdhl harganya murah,other,positive
akhirnya nemu toko yg kece parah kayak gini ty,other,positive
"kak mau kasih testi nih, bajunya beneran cakep bener",other,positive
akhirnya nemu toko yg mantep kayak gnih makasih ya,other,positive
"asli ini mantul bgt gaboong, ty seller",other,positive
"bajunya original 100%, mantul sukses terus min",other,positive
"asli ini gak nyesel bgt gaboong, terima kasih min seller",other,positive
akhirnya nemu toko yg top markotop kayak gini terima kasih min,other,positive
gila paketnya gak nyesel pdhl harganya murah,other,positive
"sepatunya original 100%, mantul sukses terus min",other,positive
akhirnya nemu toko yg the best kayak gini thx,other,positive
"pagi mau kasih testi nih, barangnya beneran keren bgt",other,positive
akhirnya nemu toko yg luar biasa kayak gnih makasi,other,positive
"packagingnya rapi, kurirnya ramah, the best deh pokoknya",other,positive
"sepatunya original 100%, the best sukses terus min",other,positive
"packagingnya rapi, kurirnya ramah, puas bgt deh pokoknya",other,positive
gila produknya bags bgt pdhl harganya murah,other,positive
"packagingnya rapi, kurirnya ramah, puas bgt deh pokoknya",other,positive
"paketnya original 100%, cakep bener sukses terus min",other,positive
"sis mau kasih testi nih, pesanannya beneran gak nyesel",other,positive
"packagingnya rapi, kurirnya ramah, bintang 5 deh pokoknya",other,positive
"asli ini bintang 5 bgt gaboong, tq seller",other,positive
"terima kasih min banyak min, pelayanannya top markotop",other,positive
"asli nih keren bgt bgt gaboong, makasih ya seller",other,positive
"tengkyu banyak min, pelayanannya cakep bener",other,positive
"halo min paketnya sampe dgn selamat, puas bgt tq",other,positive
gila sepatunya bintang 5 pdhl harganya murah,other,positive
"packagingnya rapi, kurirnya ramah, top markotop deh pokoknya",other,positive
"packagingnya rapi, kurirnya ramah, mantap deh pokoknya",other,positive
"paketnya original 100%, keren bgt sukses terus min",other,positive
"kakak pesanannya sampe dgn selamat, cakep bener makasih byk",other,positive
akhirnya nemu toko yg keren bgt kayak gini makasih,other,positive
gila barangnya gak nyesel pdhl harganya murah,other,positive
gila produknya keren bgt pdhl harganya murah,other,positive
"bro mau kasih testi nih, bajunya beneran mantul",other,positive
"siang mau kasih testi nih, sepatunya beneran keren bgt",other,positive
"packagingnya rapi, kurirnya ramah, mantap deh pokoknya",other,positive
"asli nih kece parah bgt gaboong, thx seller",other,positive
akhirnya nemu toko yg the best kayak gini tq,other,positive
"thx banyak min, pelayanannya luar biasa",other,positive
"bajunya original 100%, gak nyesel sukses terus min",other,positive
"tengkyu banyak min, pelayanannya bags bgt",other,positive
"kakak barangnya sampe dgn selamat, mantul ty",other,positive
"terima kasih min banyak min, pelayanannya bintang 5",other,positive
"paketnya original 100%, keren bgt sukses terus min",other,positive
"makasih byk banyak min, pelayanannya top markotop",other,positive
"packagingnya rapi, kurirnya ramah, bags bgt deh pokoknya",other,positive
"makasi banyak min, pelayanannya recommended",other,positive
"pagi mau kasih testi nih, produknya beneran the best",other,positive
akhirnya nemu toko yg mantul kayak gini tengkyu,other,positive
"produknya original 100%, the best sukses terus min",other,positive
"siang mau kasih testi nih, sepatunya beneran mantul",other,positive
"assalamualaikum mau kasih testi nih, barangnya beneran mantap",other,positive
akhirnya nemu toko yg kece parah kayak gini tengkyu,other,positive
"packagingnya rapi, kurirnya ramah, kece parah deh pokoknya",other,positive
akhirnya nemu toko yg bagus banget kayak gini makasih byk,other,positive
"bajunya original 100%, mantul sukses terus min",other,positive
"packagingnya rapi, kurirnya ramah, puas bgt deh pokoknya",other,positive
"packagingnya rapi, kurirnya ramah, mantul deh pokoknya",other,positive
"p paketnya sampe dgn selamat, keren bgt makasih byk",other,positive
"thx banyak min, pelayanannya gak nyesel",other,positive
akhirnya nemu toko yg luar biasa kayak gini thx,other,positive
"barangnya original 100%, bagus banget sukses terus min",other,positive
"asli ini bintang 5 bgt gaboong, makasih seller",other,positive
"sis sepatunya sampe dgn selamat, luar biasa ty",other,positive
"terima kasih min banyak min, pelayanannya bintang 5",other,positive
p p,other,neutral
p p p,other,neutral
p p p,other,neutral
p p p,other,neutral
halo,other,neutral
p p p p p,other,neutral
p p,other,neutral
test,other,neutral
p p p p,other,neutral
pagi admin,other,neutral
punten,other,neutral
test,other,neutral
ngab admin,other,neutral
p p,other,neutral
p p,other,neutral
p p,other,neutral
p p p p p,other,neutral
p p p p,other,neutral
min cek,other,neutral
pagi dibaca dong,other,neutral
p p,other,neutral
halo min admin,other,neutral
p p p p,other,neutral
kakak,other,neutral
p p,other,neutral
p p p,other,neutral
min admin,other,neutral
halo,other,neutral
punten,other,neutral
p p p,other,neutral
sis dibaca dong,other,neutral
pagi admin,other,neutral
min admin,other,neutral
test,other,neutral
p p,other,neutral
hai,other,neutral
test,other,neutral
p dibaca dong,other,neutral
ass admin,other,neutral
halo,other,neutral
p p p p p,other,neutral
p p,other,neutral
p p p,other,neutral
p p p p p,other,neutral
hai,other,neutral
kakak dibaca dong,other,neutral
punten,other,neutral
kak min,other,neutral
p p,other,neutral
p p p p p,other,neutral
p p p,other,neutral
test,other,neutral
p p p p,other,neutral
p p p p p,other,neutral
p p p p,other,neutral
hai,other,neutral
p p,other,neutral
ping,other,neutral
p p p,other,neutral
sis min,other,neutral
p p,other,neutral
sis dibaca dong,other,neutral
ping,other,neutral
p p p,other,neutral
p p p p,other,neutral
punten,other,neutral
bro,other,neutral
hai,other,neutral
hai,other,neutral
halo,other,neutral
p p,other,neutral
p p p p,other,neutral
halo min,other,neutral
punten,other,neutral
p p p p,other,neutral
p p p p,other,neutral
ping,other,neutral
p p p,other,neutral
punten,other,neutral
punten,other,neutral
punten,other,neutral
p p p,other,neutral
hai,other,neutral
test,other,neutral
test,other,neutral
p p p,other,neutral
p p p p,other,neutral
p p p p,other,neutral
p p,other,neutral
p p p,other,neutral
p p p p p,other,neutral
p p p p p,other,neutral
p admin,other,neutral
p p,other,neutral
p p p p,other,neutral
punten,other,neutral
hai,other,neutral
p p,other,neutral
p p,other,neutral
p p p p p,other,neutral
p p p p p,other,neutral
p p p,other,neutral
pagi min,other,neutral
assalamualaikum admin,other,neutral
p p p p p,other,neutral
test,other,neutral
min cek,other,neutral
p p p p p,other,neutral
p p p p p,other,neutral
halo,other,neutral
min cek,other,neutral
min cek,other,neutral
punten,other,neutral
p p p p p,other,neutral
p p p p,other,neutral
halo,other,neutral
pagi admin,other,neutral
p p p,other,neutral
p p p p p,other,neutral
sis min,other,neutral
punten,other,neutral
halo cek,other,neutral
p p,other,neutral
sis dibaca dong,other,neutral
p p p p p,other,neutral
p p p p p,other,neutral
kak cek,other,neutral
halo,other,neutral
p p p,other,neutral
halo min dibaca dong,other,neutral
p p p,other,neutral
p p p p p,other,neutral
p dibaca dong,other,neutral
sis min,other,neutral
p p p,other,neutral
assalamualaikum cek,other,neutral
halo min min,other,neutral
p p,other,neutral
hai,other,neutral
p p p p,other,neutral
p p p p p,other,neutral
halo,other,neutral
kakak min,other,neutral
halo admin,other,neutral
halo,other,neutral
ngab min,other,neutral
kak dibaca dong,other,neutral
p p p,other,neutral
p p p,other,neutral
test,other,neutral
p p p p p,other,neutral
p p p p p,other,neutral
p p p p p,other,neutral
test,other,neutral
ping,other,neutral
p p,other,neutral
halo,other,neutral
p p p,other,neutral
kak,other,neutral
p p p p,other,neutral
p p p p p,other,neutral
sis admin,other,neutral
p p p p p,other,neutral
p p p,other,neutral
p p p,other,neutral
assalamualaikum cek,other,neutral
punten,other,neutral
p p p p,other,neutral
p p p,other,neutral
assalamualaikum dibaca dong,other,neutral
kak cek,other,neutral
hai,other,neutral
ping,other,neutral
p admin,other,neutral
p p,other,neutral
p dibaca dong,other,neutral
p p p,other,neutral
punten,other,neutral
p p p,other,neutral
test,other,neutral
p p p,other,neutral
p p,other,neutral
pagi admin,other,neutral
bro cek,other,neutral
punten,other,neutral
p p p p,other,neutral
p p p p p,other,neutral
halo,other,neutral
test,other,neutral
siang admin,other,neutral
min min,other,neutral
p p p p p,other,neutral
p p,other,neutral
p p,other,neutral
p p p,other,neutral
p p,other,neutral
punten,other,neutral
p p,other,neutral
p p,other,neutral
p p p p,other,neutral
punten,other,neutral
p p p,other,neutral
p p p,other,neutral
ping,other,neutral
ping,other,neutral
p p p p p,other,neutral
p dibaca dong,other,neutral
p p p p,other,neutral
test,other,neutral
test,other,neutral
p p p p,other,neutral
hai,other,neutral
p dibaca dong,other,neutral
p p p,other,neutral
halo,other,neutral
halo,other,neutral
p p p p,other,neutral
p p p p,other,neutral
hai,other,neutral
p p p p p,other,neutral
punten,other,neutral
p p p p,other,neutral
assalamualaikum dibaca dong,other,neutral
p p p p,other,neutral
p p,other,neutral
test,other,neutral
p p,other,neutral
hai,other,neutral
p p p,other,neutral
p p p p,other,neutral
kakak min,other,neutral
p p p p p,other,neutral
ping,other,neutral
p p,other,neutral
halo,other,neutral
kakak min,other,neutral
p p p p p,other,neutral
hai,other,neutral
p p p p p,other,neutral
test,other,neutral
p p p p p,other,neutral
p p p,other,neutral
siang dibaca dong,other,neutral
bro cek,other,neutral
test,other,neutral
p p p p p,other,neutral
p p,other,neutral
p p p p,other,neutral
p p p p p,other,neutral
p cek,other,neutral
p p p,other,neutral
p p p,other,neutral
halo min cek,other,neutral
p p,other,neutral
p p p p p,other,neutral
p p p,other,neutral
p p p p p,other,neutral
test,other,neutral
p p p p,other,neutral
p p p p p,other,neutral
hai,other,neutral
p p p,other,neutral
halo,other,neutral
p p p,other,neutral
p p,other,neutral
halo,other,neutral
p p p,other,neutral
ngab min,other,neutral
assalamualaikum min,other,neutral
ngab dibaca dong,other,neutral
p p p p,other,neutral
hai,other,neutral
p p p,other,neutral
p p,other,neutral
p p,other,neutral
p p p p p,other,neutral
p p,other,neutral
halo,other,neutral
test,other,neutral
ass dibaca dong,other,neutral
p p p p p,other,neutral
halo,other,neutral
p p,other,neutral
halo,other,neutral
sis min,other,neutral
p p,other,neutral
bro min,other,neutral
p p p p p,other,neutral
p p,other,neutral
ping,other,neutral
p p,other,neutral
pagi cek,other,neutral
bro min,other,neutral
hai,other,neutral
p p p p,other,neutral
p p,other,neutral
halo,other,neutral
halo,other,neutral
p p p p,other,neutral
p p p p p,other,neutral
"pengen nanya min krn barang sini cakep bener semua, yg warna merah bisa kirim hari ini?",inquiry,positive
"pengen nanya min krn barang sini mantap semua, yg warna merah bisa?",inquiry,positive
min model yg mantul kemaren itu bisa kirim hari ini?,inquiry,positive
"sis kepo bgt sm barangnya nya, mantap asli. ukuran XL masih?",inquiry,positive
"p kepo bgt sm barangnya nya, the best asli. ukuran XL masih?",inquiry,positive
min model yg bintang 5 kemaren itu masih?,inquiry,positive
min model yg mantap kemaren itu bisa kirim hari ini?,inquiry,positive
"ass kepo bgt sm barangnya nya, mantul asli. ukuran XL masih?",inquiry,positive
min model yg bagus banget kemaren itu ready stock?,inquiry,positive
"pengen nanya min krn barang sini top markotop semua, yg warna merah ready?",inquiry,positive
"halo min kepo bgt sm barangnya nya, gak nyesel asli. ukuran XL ready stock?",inquiry,positive
"ass kepo bgt sm produknya nya, bagus banget asli. ukuran XL ready stock?",inquiry,positive
min produknya yg luar biasa ini bisa?,inquiry,positive
"siang kepo bgt sm pesanannya nya, cakep bener asli. ukuran XL ada?",inquiry,positive
min model yg luar biasa kemaren itu ada?,inquiry,positive
"pengen nanya min krn barang sini keren bgt semua, yg warna merah ready?",inquiry,positive
"min kepo bgt sm bajunya nya, mantap asli. ukuran XL ready stock?",inquiry,positive
min model yg keren bgt kemaren itu ready stock?,inquiry,positive
"assalamualaikum kepo bgt sm produknya nya, puas bgt asli. ukuran XL ready?",inquiry,positive
min model yg cakep bener kemaren itu ready?,inquiry,positive
min model yg gak nyesel kemaren itu bisa kirim hari nih?,inquiry,positive
"pagi kepo bgt sm pesanannya nya, keren bgt asli. ukuran XL bisa kirim hari ini?",inquiry,positive
halo paketnya yg cakep bener ini ada?,inquiry,positive
"pengen nanya min krn barang sini cakep bener semua, yg warna merah masih?",inquiry,positive
"p kepo bgt sm bajunya nya, puas bgt asli. ukuran XL bisa kirim hari ini?",inquiry,positive
"pengen nanya min krn barang sini mantap semua, yg warna merah ready?",inquiry,positive
min model yg top markotop kemaren itu masih?,inquiry,positive
assalamualaikum pesanannya yg mantap ini ready stock?,inquiry,positive
min model yg mantul kemaren itu ready?,inquiry,positive
"min kepo bgt sm pesanannya nya, recommended asli. ukuran XL bisa?",inquiry,positive
"pengen nanya min krn barang sini top markotop semua, yg warna merah ada?",inquiry,positive
siang bajunya yg bintang 5 ini ada?,inquiry,positive
"pengen nanya min krn barang sini puas bgt semua, yg warna merah masih?",inquiry,positive
"bro kepo bgt sm bajunya nya, kece parah asli. ukuran XL bisa?",inquiry,positive
kakak produknya yg gak nyesel nih bisa?,inquiry,positive
"ngab kepo bgt sm paketnya nya, puas bgt asli. ukuran XL ready?",inquiry,positive
min model yg luar biasa kemaren itu masih?,inquiry,positive
"naksir bgt liat pesanannya luar biasa, masih ready stock?",inquiry,positive
min model yg puas bgt kemaren itu bisa kirim hari nih?,inquiry,positive
min model yg cakep bener kemaren itu bisa kirim hari nih?,inquiry,positive
"naksir bgt liat barangnya recommended, masih ready stock?",inquiry,positive
ngab pesanannya yg gak nyesel nih bisa?,inquiry,positive
"pengen nanya min krn barang sini bintang 5 semua, yg warna merah ready?",inquiry,positive
halo min pesanannya yg gak nyesel ini ready stock?,inquiry,positive
min model yg keren bgt kemaren itu ada?,inquiry,positive
"naksir bgt liat pesanannya bintang 5, masih masih?",inquiry,positive
"pengen nanya min krn barang sini cakep bener semua, yg warna merah masih?",inquiry,positive
"pengen nanya min krn barang sini luar biasa semua, yg warna merah ready?",inquiry,positive
min model yg luar biasa kemaren itu ready?,inquiry,positive
"pengen nanya min krn barang snih recommended semua, yg warna merah masih?",inquiry,positive
"pengen nanya min krn barang sini bagus banget semua, yg warna merah ready?",inquiry,positive
min model yg mantul kemaren itu masih?,inquiry,positive
min model yg luar biasa kemaren itu bisa kirim hari ini?,inquiry,positive
min pesanannya yg the best ini ready stock?,inquiry,positive
"naksir bgt liat barangnya mantap, masih bisa?",inquiry,positive
"naksir bgt liat pesanannya luar biasa, masih bisa kirim hari ini?",inquiry,positive
"naksir bgt liat paketnya mantul, masih ready stock?",inquiry,positive
halo min bajunya yg mantul ini masih?,inquiry,positive
min model yg kece parah kemaren itu ready stock?,inquiry,positive
min model yg recommended kemaren itu masih?,inquiry,positive
"naksir bgt liat barangnya the best, masih ready?",inquiry,positive
halo min sepatunya yg luar biasa nih ready?,inquiry,positive
"pengen nanya min krn barang snih recommended semua, yg warna merah bisa?",inquiry,positive
"halo kepo bgt sm bajunya nya, gak nyesel asli. ukuran XL ready?",inquiry,positive
"ass kepo bgt sm pesanannya nya, luar biasa asli. ukuran XL ready?",inquiry,positive
"pengen nanya min krn barang snih recommended semua, yg warna merah bisa kirim hari nih?",inquiry,positive
"pengen nanya min krn barang sini the best semua, yg warna merah ready?",inquiry,positive
sis paketnya yg mantul nih ada?,inquiry,positive
min model yg puas bgt kemaren itu bisa?,inquiry,positive
"naksir bgt liat barangnya bintang 5, masih bisa?",inquiry,positive
pagi barangnya yg keren bgt ini bisa kirim hari ini?,inquiry,positive
min model yg the best kemaren itu bisa kirim hari ini?,inquiry,positive
"pengen nanya min krn barang snih gak nyesel semua, yg warna merah masih?",inquiry,positive
"naksir bgt liat bajunya bagus banget, masih ready?",inquiry,positive
"naksir bgt liat barangnya recommended, masih masih?",inquiry,positive
sis bajunya yg keren bgt nih bisa kirim hari nih?,inquiry,positive
"naksir bgt liat bajunya bintang 5, masih masih?",inquiry,positive
"naksir bgt liat barangnya top markotop, masih bisa?",inquiry,positive
kakak bajunya yg keren bgt ini bisa kirim hari ini?,inquiry,positive
"naksir bgt liat produknya mantul, masih bisa?",inquiry,positive
sis paketnya yg cakep bener ini bisa?,inquiry,positive
"ngab kepo bgt sm paketnya nya, gak nyesel asli. ukuran XL ready stock?",inquiry,positive
"kakak kepo bgt sm paketnya nya, luar biasa asli. ukuran XL masih?",inquiry,positive
"ass kepo bgt sm produknya nya, mantul asli. ukuran XL ada?",inquiry,positive
"ass kepo bgt sm paketnya nya, mantul asli. ukuran XL ready?",inquiry,positive
"pengen nanya min krn barang snih puas bgt semua, yg warna merah bisa kirim hari nih?",inquiry,positive
ngab bajunya yg kece parah ini masih?,inquiry,positive
sis produknya yg luar biasa nih bisa kirim hari nih?,inquiry,positive
min model yg gak nyesel kemaren itu bisa?,inquiry,positive
"assalamualaikum kepo bgt sm produknya nya, keren bgt asli. ukuran XL bisa kirim hari ini?",inquiry,positive
min model yg kece parah kemaren itu bisa?,inquiry,positive
min model yg bintang 5 kemaren itu bisa kirim hari ini?,inquiry,positive
"halo min kepo bgt sm produknya nya, kece parah asli. ukuran XL ada?",inquiry,positive
min model yg mantep kemaren itu ready stock?,inquiry,positive
min model yg recommended kemaren itu masih?,inquiry,positive
"assalamualaikum kepo bgt sm bajunya nya, mantul asli. ukuran XL ada?",inquiry,positive
"pengen nanya min krn barang sini bintang 5 semua, yg warna merah masih?",inquiry,positive
"kakak kepo bgt sm bajunya nya, recommended asli. ukuran XL masih?",inquiry,positive
"pengen nanya min krn barang snih keren bgt semua, yg warna merah ready stock?",inquiry,positive
"pengen nanya min krn barang snih cakep bener semua, yg warna merah bisa?",inquiry,positive
"siang kepo bgt sm sepatunya nya, mantul asli. ukuran XL masih?",inquiry,positive
"kak kepo bgt sm barangnya nya, cakep bener asli. ukuran XL bisa?",inquiry,positive
"naksir bgt liat pesanannya keren bgt, masih masih?",inquiry,positive
min model yg puas bgt kemaren itu masih?,inquiry,positive
"pengen nanya min krn barang sini mantul semua, yg warna merah masih?",inquiry,positive
"siang kepo bgt sm barangnya nya, mantep asli. ukuran XL bisa?",inquiry,positive
"ass kepo bgt sm bajunya nya, mantap asli. ukuran XL ready stock?",inquiry,positive
"kakak kepo bgt sm pesanannya nya, mantul asli. ukuran XL bisa?",inquiry,positive
p sepatunya yg top markotop ini bisa?,inquiry,positive
"pagi kepo bgt sm barangnya nya, kece parah asli. ukuran XL masih?",inquiry,positive
"pengen nanya min krn barang snih bintang 5 semua, yg warna merah bisa kirim hari nih?",inquiry,positive
min model yg puas bgt kemaren itu ready stock?,inquiry,positive
"pengen nanya min krn barang sini kece parah semua, yg warna merah ready stock?",inquiry,positive
"pengen nanya min krn barang snih bags bgt semua, yg warna merah masih?",inquiry,positive
"min kepo bgt sm bajunya nya, bintang 5 asli. ukuran XL bisa kirim hari ini?",inquiry,positive
"pengen nanya min krn barang snih bags bgt semua, yg warna merah bisa kirim hari nih?",inquiry,positive
"pengen nanya min krn barang sini cakep bener semua, yg warna merah ready?",inquiry,positive
"naksir bgt liat barangnya cakep bener, masih bisa?",inquiry,positive
"pengen nanya min krn barang sini bintang 5 semua, yg warna merah bisa?",inquiry,positive
"min kepo bgt sm pesanannya nya, keren bgt asli. ukuran XL bisa?",inquiry,positive
min model yg gak nyesel kemaren itu bisa?,inquiry,positive
min model yg mantap kemaren itu bisa?,inquiry,positive
"min kepo bgt sm barangnya nya, recommended asli. ukuran XL ready stock?",inquiry,positive
kak paketnya yg puas bgt ini ada?,inquiry,positive
min model yg the best kemaren itu ready?,inquiry,positive
"pagi kepo bgt sm pesanannya nya, kece parah asli. ukuran XL ready?",inquiry,positive
"pengen nanya min krn barang sini cakep bener semua, yg warna merah bisa kirim hari ini?",inquiry,positive
"naksir bgt liat sepatunya mantul, masih ready?",inquiry,positive
"pengen nanya min krn barang sini gak nyesel semua, yg warna merah ada?",inquiry,positive
"halo min kepo bgt sm sepatunya nya, recommended asli. ukuran XL ready stock?",inquiry,positive
"ngab kepo bgt sm bajunya nya, bagus banget asli. ukuran XL ada?",inquiry,positive
"pengen nanya min krn barang snih puas bgt semua, yg warna merah bisa kirim hari nih?",inquiry,positive
"pagi kepo bgt sm pesanannya nya, puas bgt asli. ukuran XL masih?",inquiry,positive
bro barangnya yg cakep bener nih ada?,inquiry,positive
"pengen nanya min krn barang sini top markotop semua, yg warna merah bisa?",inquiry,positive
halo produknya yg top markotop ini bisa?,inquiry,positive
"pengen nanya min krn barang sini the best semua, yg warna merah masih?",inquiry,positive
"pengen nanya min krn barang snih recommended semua, yg warna merah masih?",inquiry,positive
"pagi kepo bgt sm paketnya nya, cakep bener asli. ukuran XL ready?",inquiry,positive
"pengen nanya min krn barang snih puas bgt semua, yg warna merah ada?",inquiry,positive
"ass kepo bgt sm pesanannya nya, puas bgt asli. ukuran XL bisa kirim hari ini?",inquiry,positive
min model yg bintang 5 kemaren itu bisa kirim hari nih?,inquiry,positive
min model yg top markotop kemaren itu ready stock?,inquiry,positive
min model yg recommended kemaren itu ready stock?,inquiry,positive
min model yg bintang 5 kemaren itu ready stock?,inquiry,positive
min model yg recommended kemaren itu masih?,inquiry,positive
pagi pesanannya yg mantul ini bisa kirim hari ini?,inquiry,positive
bro bajunya yg luar biasa ini ready stock?,inquiry,positive
"pengen nanya min krn barang sini luar biasa semua, yg warna merah masih?",inquiry,positive
"naksir bgt liat pesanannya bintang 5, masih ready stock?",inquiry,positive
min model yg bintang 5 kemaren itu bisa kirim hari ini?,inquiry,positive
"sis kepo bgt sm bajunya nya, kece parah asli. ukuran XL ready stock?",inquiry,positive
halo min barangnya yg keren bgt ini bisa kirim hari ini?,inquiry,positive
min bajunya yg puas bgt ini ready?,inquiry,positive
min model yg top markotop kemaren itu masih?,inquiry,positive
min model yg recommended kemaren itu masih?,inquiry,positive
"naksir bgt liat paketnya kece parah, masih ready?",inquiry,positive
"naksir bgt liat paketnya recommended, masih ready?",inquiry,positive
"naksir bgt liat pesanannya kece parah, masih ready stock?",inquiry,positive
"pengen nanya min krn barang sini keren bgt semua, yg warna merah bisa?",inquiry,positive
bro barangnya yg recommended ini bisa kirim hari ini?,inquiry,positive
pagi pesanannya yg keren bgt ini bisa kirim hari ini?,inquiry,positive
"naksir bgt liat barangnya top markotop, masih ada?",inquiry,positive
"pengen nanya min krn barang sini recommended semua, yg warna merah ready?",inquiry,positive
"naksir bgt liat sepatunya puas bgt, masih ready stock?",inquiry,positive
"naksir bgt liat sepatunya recommended, masih ada?",inquiry,positive
"naksir bgt liat bajunya the best, masih ready stock?",inquiry,positive
pagi pesanannya yg kece parah ini bisa?,inquiry,positive
"pengen nanya min krn barang sini the best semua, yg warna merah bisa?",inquiry,positive
"pengen nanya min krn barang sini keren bgt semua, yg warna merah bisa?",inquiry,positive
min model yg top markotop kemaren itu masih?,inquiry,positive
"halo min kepo bgt sm produknya nya, luar biasa asli. ukuran XL ready?",inquiry,positive
"halo min kepo bgt sm barangnya nya, recommended asli. ukuran XL bisa?",inquiry,positive
"pengen nanya min krn barang snih keren bgt semua, yg warna merah ready stock?",inquiry,positive
min model yg mantap kemaren itu bisa?,inquiry,positive
"pengen nanya min krn barang sini mantul semua, yg warna merah ada?",inquiry,positive
"pengen nanya min krn barang sini gak nyesel semua, yg warna merah ready?",inquiry,positive
"naksir bgt liat bajunya mantap, masih ada?",inquiry,positive
min model yg cakep bener kemaren itu masih?,inquiry,positive
min model yg keren bgt kemaren itu bisa kirim hari ini?,inquiry,positive
"halo kepo bgt sm produknya nya, puas bgt asli. ukuran XL ready stock?",inquiry,positive
min model yg bintang 5 kemaren itu bisa?,inquiry,positive
"pengen nanya min krn barang snih puas bgt semua, yg warna merah bisa?",inquiry,positive
min model yg gak nyesel kemaren itu ready stock?,inquiry,positive
min model yg bags bgt kemaren itu ada?,inquiry,positive
"bro kepo bgt sm produknya nya, luar biasa asli. ukuran XL ada?",inquiry,positive
"pengen nanya min krn barang sini kece parah semua, yg warna merah masih?",inquiry,positive
halo min bajunya yg gak nyesel nih bisa kirim hari nih?,inquiry,positive
min model yg mantap kemaren itu ready stock?,inquiry,positive
"naksir bgt liat produknya gak nyesel, masih bisa?",inquiry,positive
"naksir bgt liat pesanannya mantap, masih masih?",inquiry,positive
"pengen nanya min krn barang sini luar biasa semua, yg warna merah masih?",inquiry,positive
"pengen nanya min krn barang sini luar biasa semua, yg warna merah masih?",inquiry,positive
"pengen nanya min krn barang snih gak nyesel semua, yg warna merah bisa kirim hari nih?",inquiry,positive
bro bajunya yg keren bgt ini masih?,inquiry,positive
min model yg kece parah kemaren itu bisa kirim hari ini?,inquiry,positive
min model yg puas bgt kemaren itu ada?,inquiry,positive
min model yg bags bgt kemaren itu ready?,inquiry,positive
"pengen nanya min krn barang snih keren bgt semua, yg warna merah bisa?",inquiry,positive
"pengen nanya min krn barang sini mantul semua, yg warna merah masih?",inquiry,positive
